<?xml version="1.0" encoding="UTF-8"?>
<project-private xmlns="http://www.netbeans.org/ns/project-private/1">
    <editor-bookmarks xmlns="http://www.netbeans.org/ns/editor-bookmarks/2" lastBookmarkId="0"/>
    <open-files xmlns="http://www.netbeans.org/ns/projectui-open-files/2">
        <group>
            <file>file:/C:/Users/Carlos/Pictures/ProyectoPOO%20(2)/ProyectoPOO/src/Control/ControladorMesaElectoral.java</file>
            <file>file:/C:/Users/Carlos/Pictures/ProyectoPOO%20(2)/ProyectoPOO/src/proyectopoo/Candidato.java</file>
            <file>file:/C:/Users/Carlos/Pictures/ProyectoPOO%20(2)/ProyectoPOO/src/Control/ControladorActaElectoral.java</file>
            <file>file:/C:/Users/Carlos/Pictures/ProyectoPOO%20(2)/ProyectoPOO/src/proyectopoo/InscripcionEleccion.java</file>
            <file>file:/C:/Users/Carlos/Pictures/ProyectoPOO%20(2)/ProyectoPOO/src/proyectopoo/Gestionable.java</file>
            <file>file:/C:/Users/Carlos/Pictures/ProyectoPOO%20(2)/ProyectoPOO/src/Control/ControladorPersona.java</file>
            <file>file:/C:/Users/Carlos/Pictures/ProyectoPOO%20(2)/ProyectoPOO/src/proyectopoo/ListaMiembroMesa.java</file>
            <file>file:/C:/Users/Carlos/Pictures/ProyectoPOO%20(2)/ProyectoPOO/src/proyectopoo/ListaPartido.java</file>
            <file>file:/C:/Users/Carlos/Pictures/ProyectoPOO%20(2)/ProyectoPOO/src/proyectopoo/VentanaMenu.java</file>
            <file>file:/C:/Users/Carlos/Pictures/ProyectoPOO%20(2)/ProyectoPOO/src/proyectopoo/Eleccion.java</file>
            <file>file:/C:/Users/Carlos/Pictures/ProyectoPOO%20(2)/ProyectoPOO/src/proyectopoo/ListaEleccion.java</file>
            <file>file:/C:/Users/Carlos/Pictures/ProyectoPOO%20(2)/ProyectoPOO/src/proyectopoo/partidoPolitico.java</file>
            <file>file:/C:/Users/Carlos/Pictures/ProyectoPOO%20(2)/ProyectoPOO/src/proyectopoo/VentanaElecciones.java</file>
            <file>file:/C:/Users/Carlos/Pictures/ProyectoPOO%20(2)/ProyectoPOO/src/proyectopoo/VentanaLogin.java</file>
            <file>file:/C:/Users/Carlos/Pictures/ProyectoPOO%20(2)/ProyectoPOO/src/proyectopoo/VentanaCandidato.java</file>
            <file>file:/C:/Users/Carlos/Pictures/ProyectoPOO%20(2)/ProyectoPOO/src/proyectopoo/ListaCandidato.java</file>
            <file>file:/C:/Users/Carlos/Pictures/ProyectoPOO%20(2)/ProyectoPOO/src/proyectopoo/VentanaMiembrodeMesa.java</file>
            <file>file:/C:/Users/Carlos/Pictures/ProyectoPOO%20(2)/ProyectoPOO/src/proyectopoo/VentanaPartido.java</file>
            <file>file:/C:/Users/Carlos/Pictures/ProyectoPOO%20(2)/ProyectoPOO/src/proyectopoo/MesaElectoral.java</file>
            <file>file:/C:/Users/Carlos/Pictures/ProyectoPOO%20(2)/ProyectoPOO/src/proyectopoo/ActaElectoral.java</file>
            <file>file:/C:/Users/Carlos/Pictures/ProyectoPOO%20(2)/ProyectoPOO/src/proyectopoo/MiembroMesa.java</file>
            <file>file:/C:/Users/Carlos/Pictures/ProyectoPOO%20(2)/ProyectoPOO/src/proyectopoo/ListaMesaElectoral.java</file>
            <file>file:/C:/Users/Carlos/Pictures/ProyectoPOO%20(2)/ProyectoPOO/src/Control/ControladorPartido.java</file>
            <file>file:/C:/Users/Carlos/Pictures/ProyectoPOO%20(2)/ProyectoPOO/src/proyectopoo/VentanaActaElectoral.java</file>
            <file>file:/C:/Users/Carlos/Pictures/ProyectoPOO%20(2)/ProyectoPOO/src/Control/ControladorEleccion.java</file>
            <file>file:/C:/Users/Carlos/Pictures/ProyectoPOO%20(2)/ProyectoPOO/src/Control/ControladorCandidato.java</file>
            <file>file:/C:/Users/Carlos/Pictures/ProyectoPOO%20(2)/ProyectoPOO/src/proyectopoo/Persona.java</file>
            <file>file:/C:/Users/Carlos/Pictures/ProyectoPOO%20(2)/ProyectoPOO/src/proyectopoo/ListaPersona.java</file>
            <file>file:/C:/Users/Carlos/Pictures/ProyectoPOO%20(2)/ProyectoPOO/src/proyectopoo/Autenticable.java</file>
            <file>file:/C:/Users/Carlos/Pictures/ProyectoPOO%20(2)/ProyectoPOO/src/proyectopoo/VentanaMesaElectoral.java</file>
            <file>file:/C:/Users/Carlos/Pictures/ProyectoPOO%20(2)/ProyectoPOO/src/proyectopoo/ListaActaElectoral.java</file>
            <file>file:/C:/Users/Carlos/Pictures/ProyectoPOO%20(2)/ProyectoPOO/src/proyectopoo/VentanaResultados.java</file>
            <file>file:/C:/Users/Carlos/Pictures/ProyectoPOO%20(2)/ProyectoPOO/src/Control/ControladorMiembroMesa.java</file>
            <file>file:/C:/Users/Carlos/Pictures/ProyectoPOO%20(2)/ProyectoPOO/src/proyectopoo/Operador.java</file>
        </group>
    </open-files>
</project-private>
