<?xml version="1.0" encoding="UTF-8"?>
<project-private xmlns="http://www.netbeans.org/ns/project-private/1">
    <editor-bookmarks xmlns="http://www.netbeans.org/ns/editor-bookmarks/2" lastBookmarkId="0"/>
    <open-files xmlns="http://www.netbeans.org/ns/projectui-open-files/2">
        <group>
            <file>file:/C:/Users/Lenovo/Downloads/POO%2010.00PM%20Final/POO%209.00PM/ProyectoPOO%20(2)/ProyectoPOO/src/Clases/VentanaMenu.java</file>
            <file>file:/C:/Users/Lenovo/Downloads/POO%2010.00PM%20Final/POO%209.00PM/ProyectoPOO%20(2)/ProyectoPOO/src/Clases/VentanaLogin.java</file>
            <file>file:/C:/Users/Lenovo/Downloads/POO%2010.00PM%20Final/POO%209.00PM/ProyectoPOO%20(2)/ProyectoPOO/src/Consola/Prueba.java</file>
            <file>file:/C:/Users/Lenovo/Downloads/POO%2010.00PM%20Final/POO%209.00PM/ProyectoPOO%20(2)/ProyectoPOO/src/Clases/Persona.java</file>
            <file>file:/C:/Users/Lenovo/Downloads/POO%2010.00PM%20Final/POO%209.00PM/ProyectoPOO%20(2)/ProyectoPOO/src/Clases/MesaElectoral.java</file>
            <file>file:/C:/Users/Lenovo/Downloads/POO%2010.00PM%20Final/POO%209.00PM/ProyectoPOO%20(2)/ProyectoPOO/src/Clases/PartidoPolitico.java</file>
            <file>file:/C:/Users/Lenovo/Downloads/POO%2010.00PM%20Final/POO%209.00PM/ProyectoPOO%20(2)/ProyectoPOO/src/Clases/Eleccion.java</file>
            <file>file:/C:/Users/Lenovo/Downloads/POO%2010.00PM%20Final/POO%209.00PM/ProyectoPOO%20(2)/ProyectoPOO/src/Clases/Operador.java</file>
            <file>file:/C:/Users/Lenovo/Downloads/POO%2010.00PM%20Final/POO%209.00PM/ProyectoPOO%20(2)/ProyectoPOO/src/Clases/MiembroMesa.java</file>
        </group>
    </open-files>
</project-private>
