<?xml version="1.0" encoding="UTF-8"?>
<project-private xmlns="http://www.netbeans.org/ns/project-private/1">
    <editor-bookmarks xmlns="http://www.netbeans.org/ns/editor-bookmarks/2" lastBookmarkId="0"/>
    <open-files xmlns="http://www.netbeans.org/ns/projectui-open-files/2">
        <group>
            <file>file:/C:/Users/Lenovo/Downloads/Proyecto%20POO%20Final%20Grupo%209/Proyecto%20Sistema%20de%20Procesos%20Electorales/src/Clases/VentanaMenu.java</file>
            <file>file:/C:/Users/Lenovo/Downloads/Proyecto%20POO%20Final%20Grupo%209/Proyecto%20Sistema%20de%20Procesos%20Electorales/src/Clases/VentanaLogin.java</file>
            <file>file:/C:/Users/Lenovo/Downloads/Proyecto%20POO%20Final%20Grupo%209/Proyecto%20Sistema%20de%20Procesos%20Electorales/src/Consola/Prueba.java</file>
            <file>file:/C:/Users/Lenovo/Downloads/Proyecto%20POO%20Final%20Grupo%209/Proyecto%20Sistema%20de%20Procesos%20Electorales/src/Clases/Persona.java</file>
            <file>file:/C:/Users/Lenovo/Downloads/Proyecto%20POO%20Final%20Grupo%209/Proyecto%20Sistema%20de%20Procesos%20Electorales/src/Clases/Operador.java</file>
            <file>file:/C:/Users/Lenovo/Downloads/Proyecto%20POO%20Final%20Grupo%209/Proyecto%20Sistema%20de%20Procesos%20Electorales/src/Clases/Eleccion.java</file>
            <file>file:/C:/Users/Lenovo/Downloads/Proyecto%20POO%20Final%20Grupo%209/Proyecto%20Sistema%20de%20Procesos%20Electorales/src/Clases/Candidato.java</file>
            <file>file:/C:/Users/Lenovo/Downloads/Proyecto%20POO%20Final%20Grupo%209/Proyecto%20Sistema%20de%20Procesos%20Electorales/src/Clases/MiembroMesa.java</file>
            <file>file:/C:/Users/Lenovo/Downloads/Proyecto%20POO%20Final%20Grupo%209/Proyecto%20Sistema%20de%20Procesos%20Electorales/src/Clases/MesaElectoral.java</file>
            <file>file:/C:/Users/Lenovo/Downloads/Proyecto%20POO%20Final%20Grupo%209/Proyecto%20Sistema%20de%20Procesos%20Electorales/src/Clases/Autenticable.java</file>
            <file>file:/C:/Users/Lenovo/Downloads/Proyecto%20POO%20Final%20Grupo%209/Proyecto%20Sistema%20de%20Procesos%20Electorales/src/Clases/ActaElectoral.java</file>
            <file>file:/C:/Users/Lenovo/Downloads/Proyecto%20POO%20Final%20Grupo%209/Proyecto%20Sistema%20de%20Procesos%20Electorales/src/Clases/PartidoPolitico.java</file>
        </group>
    </open-files>
</project-private>
